CountryName,CountryCode,Year,CO2_emissions,InternetUsers,GDP_per_capita,LiteracyRate,Physicians,HealthExpenditure,Unemployment,InfantMortality,LifeExpectancy,Population,Region,IncomeGroup,Region_Encoded,IncomeGroup_Encoded
Afghanistan,AFG,2006,0.0637284718722302,2.107123645,269.229693018123,,0.168,10.62276563,2.82500004768372,75.8,59.11,25893450.0,South Asia,Low income,5,1
Albania,ALB,2006,1.30257636722163,9.609991316,2972.74292399799,,,5.93267196,16.225250840187073,14.3,75.418,2992547.0,Europe & Central Asia,Upper middle income,1,4
Algeria,DZA,2006,2.99218746923841,7.375984956,3464.61007870202,72.648681640625,,3.35510349,12.2700004577637,27.5,73.225,33777915.0,Middle East & North Africa,Upper middle income,3,4
American Samoa,ASM,2006,2.91508151810172,13.66,8456.94799658994,,,5.46509211,6.35300016403198,22.1,,58650.0,East Asia & Pacific,Upper middle income,0,4
Andorra,AND,2006,6.74621871565977,48.936847,30637.443815953535,,3.64,8.43428174,6.35300016403198,4.1,,80991.0,Europe & Central Asia,High income,1,0
Angola,AGO,2006,1.09888389819981,1.5,2585.13352204929,,,3.36618335,16.225250840187073,96.7,53.974,20262399.0,Sub-Saharan Africa,Lower middle income,6,2
Antigua and Barbuda,ATG,2006,4.91364436717201,30.0,12812.7644376195,,,4.60802371,6.35300016403198,9.6,74.727,90301.0,Latin America & Caribbean,High income,2,0
Arab World,ARB,2006,4.26823986615523,11.6637886737172,4338.38573835633,68.5624084472656,,3.48386686589161,10.3829980300892,36.8880324950595,69.1863650750761,323773264.0,,,7,3
Argentina,ARG,2006,4.43482145227027,20.9272021,5878.76102735208,98.6108016967773,,7.56810123,10.0769996643066,14.3,74.941,39558890.0,Latin America & Caribbean,High income,2,0
Armenia,ARM,2006,1.48117796180497,5.631787777,2158.00290895457,,3.7,5.58846065,10.2810001373291,19.7,72.715,2958500.0,Europe & Central Asia,Upper middle income,1,4
Aruba,ABW,2006,14.808246413632371,28.0,24045.7494206858,,,5.46509211,6.35300016403198,22.1,74.429,100832.0,Latin America & Caribbean,High income,2,0
Australia,AUS,2006,14.808246413632371,66.0,30637.443815953535,,2.672,8.000101,4.78200006484985,4.6,81.0414634146342,20697900.0,East Asia & Pacific,High income,0,0
Austria,AUT,2006,8.72729787156076,63.6,30637.443815953535,,3.66,9.53113317,5.24300003051758,3.9,79.8804878048781,8268641.0,Europe & Central Asia,High income,1,0
Azerbaijan,AZE,2006,4.6162998626916,11.99217733,2473.08181863536,,3.63,5.74622122,6.61999988555908,41.6,69.269,8484550.0,Europe & Central Asia,Upper middle income,1,4
"Bahamas, The",BHS,2006,4.95732364589227,26.0,30274.9903224846,,,5.32113701,7.53999996185303,11.9,74.012,335830.0,Latin America & Caribbean,High income,2,0
Bahrain,BHR,2006,14.808246413632371,28.24395243,19307.9954920205,,1.033,3.06248922,0.904999971389771,8.8,75.478,958414.0,Middle East & North Africa,High income,3,0
Bangladesh,BGD,2006,0.299529172870806,1.0,494.050146576549,,0.308,2.32201091,3.59100008010864,48.0,68.403,145368004.0,South Asia,Lower middle income,5,2
Barbados,BRB,2006,4.9864128359978,55.3,15185.1192012769,,,6.58012227,8.72999954223633,14.2,74.324,275039.0,Latin America & Caribbean,High income,2,0
Belarus,BLR,2006,6.46244665756856,16.2,3847.43412382153,,4.78,5.76280346,7.60500001907349,6.0,69.4048780487805,9604924.0,Europe & Central Asia,Upper middle income,1,4
Belgium,BEL,2006,10.1510389973111,59.72,30637.443815953535,,2.093,8.86284512,8.24600028991699,4.0,79.380487804878,10547958.0,Europe & Central Asia,High income,1,0
Belize,BLZ,2006,1.52609313251727,24.0,4187.29049654855,,,4.16392366,9.39000034332275,17.6,69.218,290747.0,Latin America & Caribbean,Upper middle income,2,4
Benin,BEN,2006,0.471267008855899,1.537854346,625.830091976463,28.7021102905273,,4.05954486,0.782999992370605,76.3,57.817,8216896.0,Sub-Saharan Africa,Low income,6,1
Bermuda,BMU,2006,10.1161756272957,68.479743898,30637.443815953535,,,5.46509211,6.35300016403198,22.1,78.8878048780488,64523.0,North America,High income,4,0
Bhutan,BTN,2006,0.583684404696026,4.518317258,1335.45690588598,,,4.29156698,3.13000011444092,42.5,65.578,672228.0,South Asia,Lower middle income,5,2
Bolivia,BOL,2006,1.62190674169431,6.200671255,1233.59186917076,,,4.58558345,2.98799991607666,43.8,64.113,9283334.0,Latin America & Caribbean,Lower middle income,2,2
Bosnia and Herzegovina,BIH,2006,4.64746096540571,25.12238569,3403.81529715873,,,9.17218676,16.225250840187073,7.5,75.353,3779468.0,Europe & Central Asia,Upper middle income,1,4
Botswana,BWA,2006,2.19525134298321,4.289932975,5374.55486690776,,0.312,5.00414503,16.225250840187073,41.1,53.695,1884238.0,Sub-Saharan Africa,Upper middle income,6,4
Brazil,BRA,2006,1.83939385948897,28.17838018,5860.14578561448,89.6152267456055,1.678,8.34044194,8.63899993896484,20.8,72.405,189012412.0,Latin America & Caribbean,Upper middle income,2,4
British Virgin Islands,VGB,2006,5.98255595063794,13.66,3738.68928376282,,,5.46509211,6.35300016403198,22.1,,23905.0,Latin America & Caribbean,High income,2,0
Brunei Darussalam,BRN,2006,13.1328615800135,42.18634916,30637.443815953535,,1.084,1.90329323,5.74300003051758,9.4,76.455,370250.0,East Asia & Pacific,High income,0,0
Bulgaria,BGR,2006,6.44533327228891,27.09,4490.20177692701,,3.66,6.57317955,8.95100021362305,10.4,72.6121951219512,7601022.0,Europe & Central Asia,Upper middle income,1,4
Burkina Faso,BFA,2006,0.098375846950256,0.632707564,420.582523292431,22.4725799560547,0.028,5.07866682,3.69899988174438,78.2,54.063,13829177.0,Sub-Saharan Africa,Low income,6,1
Burundi,BDI,2006,0.0243659627758413,0.65759259,165.904748464318,,,9.9423231,1.79999995231628,74.6,53.09,7675338.0,Sub-Saharan Africa,Low income,6,1
Cabo Verde,CPV,2006,0.983876704208654,6.808911008,2304.2899020136,,,4.48974972,10.9650001525879,22.1,71.842,480795.0,Sub-Saharan Africa,Lower middle income,6,2
Cambodia,KHM,2006,0.222613710991192,0.46835672,539.879152869659,,,6.11800393,1.27900004386902,49.8,63.927,13474489.0,East Asia & Pacific,Lower middle income,0,2
Cameroon,CMR,2006,0.21572321155121,2.028744791,1081.36983060812,,,4.10265315,3.67000007629395,79.0,53.494,17899562.0,Sub-Saharan Africa,Lower middle income,6,2
Canada,CAN,2006,14.808246413632371,68.479743898,30637.443815953535,,1.911,9.20660398,6.32000017166138,5.2,80.3439024390244,32570505.0,North America,High income,4,0
Caribbean small states,CSS,2006,9.14751607133885,22.2939335680043,8016.2636208685,89.7662734985352,,4.87956142299669,8.74589083591294,21.357527896158,71.3454059082784,6806838.0,,,7,3
Cayman Islands,CYM,2006,9.67488157342448,44.5,30637.443815953535,,,5.46509211,6.35300016403198,22.1,,50031.0,Latin America & Caribbean,High income,2,0
Central African Republic,CAF,2006,0.0593456358029187,0.311159173,347.607171913446,,,4.46036383,6.95900011062622,107.6,44.967,4201758.0,Sub-Saharan Africa,Low income,6,1
Central Europe and the Baltics,CEB,2006,7.25218306073392,40.7996109435207,9476.53932878519,,,6.2194351066363,10.1059573819756,7.75179517440706,74.0926027308098,105772481.0,,,7,3
Chad,TCD,2006,0.0390570658220616,0.581045764,712.184769377316,,0.035,4.86643066,1.35500001907349,92.1,48.349,10421597.0,Sub-Saharan Africa,Low income,6,1
Channel Islands,CHI,2006,2.91508151810172,13.66,30637.443815953535,,,5.46509211,7.35599994659424,22.1,79.241,155411.0,Europe & Central Asia,High income,1,0
Chile,CHL,2006,3.97151048248654,34.49775117,9484.68122668526,,1.045,6.0351678,9.02400016784668,7.7,77.934,16319792.0,Latin America & Caribbean,High income,2,0
China,CHN,2006,4.98031419657976,10.52315262,2099.22943460447,,,3.91870987,4.40000009536743,18.6,74.291,1311020000.0,East Asia & Pacific,Upper middle income,0,4
Colombia,COL,2006,1.43582414360598,15.34167454,3677.13404157319,92.2996826171875,1.474,5.77809346,11.5069999694824,17.9,72.532,43835722.0,Latin America & Caribbean,Upper middle income,2,4
Comoros,COM,2006,0.257569541445504,2.2,1113.95775719606,,,9.71064849,4.19799995422363,69.0,60.407,626425.0,Sub-Saharan Africa,Low income,6,1
"Congo, Dem. Rep.",COD,2006,0.0284705920595562,0.29605361,255.591313804132,,,4.45607982,2.90400004386902,93.9,54.401,56543011.0,Sub-Saharan Africa,Low income,6,1
"Congo, Rep.",COG,2006,0.291079842753096,2.007990079,2012.11007047306,,0.217,1.78239931,16.225250840187073,54.4,55.881,3842365.0,Sub-Saharan Africa,Lower middle income,6,2
Costa Rica,CRI,2006,1.64763318924042,25.1,5245.18737330548,,,6.96992493,5.73999977111816,9.0,78.234,4308794.0,Latin America & Caribbean,Upper middle income,2,4
Cote d'Ivoire,CIV,2006,0.374162962677749,1.524900791,951.947895564691,,,5.80885012,5.69399976730347,85.8,48.183,18699435.0,Sub-Saharan Africa,Lower middle income,6,2
Croatia,HRV,2006,5.24384626036757,37.98,11684.8150662588,,2.47,6.98403537,11.1300001144409,5.5,75.8368292682927,4311159.0,Europe & Central Asia,High income,1,0
Cuba,CUB,2006,2.42622102430076,11.15960131,4669.06091614789,,6.34,8.27164137,1.91299998760223,5.4,78.225,11296233.0,Latin America & Caribbean,Upper middle income,2,4
Curacao,CUW,2006,2.91508151810172,13.66,3738.68928376282,,,5.46509211,6.35300016403198,22.1,74.709756097561,141239.0,Latin America & Caribbean,High income,2,0
Cyprus,CYP,2006,7.44968049055532,35.83,26729.3267457419,,,5.3085,4.54300022125244,3.8,78.764,1045509.0,Europe & Central Asia,High income,1,0
Czech Republic,CZE,2006,11.9258292756892,47.93,15183.6360541375,,3.58,6.19553143,7.14799976348877,3.4,76.5243902439024,10238905.0,Europe & Central Asia,High income,1,0
Denmark,DNK,2006,10.1129141598949,68.479743898,30637.443815953535,,3.163,9.16879674,3.8970000743866,3.8,78.0951219512195,5437272.0,Europe & Central Asia,High income,1,0
Djibouti,DJI,2006,0.515825010550007,1.270041159,965.669377892257,,0.234,4.89260073,11.7840003967285,69.8,58.393,796208.0,Middle East & North Africa,Lower middle income,3,2
Dominica,DMA,2006,1.60544861383761,39.3981743,5511.46282356474,,,5.24618724,6.35300016403198,14.8,,70807.0,Latin America & Caribbean,Upper middle income,2,4
Dominican Republic,DOM,2006,2.111060875192,14.84492837,4067.33291727245,,,3.99365784,5.65500020980835,29.7,71.862,9371338.0,Latin America & Caribbean,Upper middle income,2,4
Early-demographic dividend,EAR,2006,1.93022013785169,5.76660326858817,2000.40155463293,71.2424621582031,,4.75300953444345,4.79284300661641,46.6475144776851,66.4795137928266,2734859659.0,,,7,3
East Asia & Pacific,EAS,2006,4.67112957727635,16.6695480679667,5084.37365853911,93.5426635742188,,6.02348746339774,4.32169425526174,22.5,73.515794034154,2147020812.0,,,7,3
East Asia & Pacific (IDA & IBRD countries),TEA,2006,3.97555869926586,10.2971960173711,1980.2378998631,92.8290328979492,,3.73396600824895,4.36098720187132,23.7239796356197,72.6468109886706,1886075684.0,,,7,3
East Asia & Pacific (excluding high income),EAP,2006,3.96561665196393,10.1685372046347,1959.12644788567,92.9178771972656,,3.73367743783709,4.35121098447199,23.7529018799031,72.5950769173238,1910175419.0,,,7,3
Ecuador,ECU,2006,2.06617729182358,7.2,3350.78654130881,,,5.68722197,3.54999995231628,18.7,74.322,13967480.0,Latin America & Caribbean,Upper middle income,2,4
"Egypt, Arab Rep.",EGY,2006,2.28491225993438,13.66,1375.19631599113,66.3699111938477,,4.84190073,10.4899997711182,28.4,69.618,78159048.0,Middle East & North Africa,Lower middle income,3,2
El Salvador,SLV,2006,1.13040763955553,5.5,2641.78065205553,83.5594635009766,1.5,6.68427578,6.57000017166138,20.1,70.668,6056478.0,Latin America & Caribbean,Lower middle income,2,2
Equatorial Guinea,GNQ,2006,6.00353059830829,1.279193596,12732.0275869622,,,1.45431357,8.1569995880127,91.2,54.55,792217.0,Sub-Saharan Africa,Upper middle income,6,4
Eritrea,ERI,2006,0.137963993933087,13.66,297.828058802925,,,5.30663629,6.62900018692017,45.2,59.472,4066648.0,Sub-Saharan Africa,Low income,6,1
Estonia,EST,2006,12.0099620584938,63.51,12595.4106486304,,3.33,4.91832188,5.91499996185303,5.2,72.6914634146341,1346810.0,Europe & Central Asia,High income,1,0
Eswatini,SWZ,2006,0.906511654472858,3.696538789,2937.36074331066,,,5.963561,16.225250840187073,72.6,46.846,1120514.0,Sub-Saharan Africa,Lower middle income,6,2
Ethiopia,ETH,2006,0.0698049322054751,0.310592657,193.794905642516,,0.027,4.22669565,2.29500007629395,67.2,57.333,78850689.0,Sub-Saharan Africa,Low income,6,1
Euro area,EMU,2006,8.31724478898161,54.8010347405135,30637.443815953535,98.6545028686523,,9.26002116654668,8.24744283644441,3.86059715197672,79.8561324119991,330922791.0,,,7,3
Europe & Central Asia,ECS,2006,8.00345415185714,38.0153450371087,20710.4421516176,98.304328918457,,8.36130125799058,8.06975862995474,13.0,74.6347213250956,874958741.0,,,7,3
Europe & Central Asia (IDA & IBRD countries),TEC,2006,7.64899917097949,17.7903616906933,5641.53826021339,97.6377792358398,,5.25323651238492,8.62650940651446,20.0202206376427,69.6649298368599,435768107.0,,,7,3
Europe & Central Asia (excluding high income),ECA,2006,7.60717191977042,14.9578940833021,5245.85925682082,97.4582901000977,,5.11908303551963,8.09407530376171,21.0907576523611,69.0659631338625,393315681.0,,,7,3
European Union,EUU,2006,8.17878693582042,54.5192847997557,30637.443815953535,98.8633117675781,,8.72362404100845,8.15553071179386,4.72218664969563,78.7397936771571,497844871.0,,,7,3
Faroe Islands,FRO,2006,14.0213504743402,68.479743898,30637.443815953535,,,5.46509211,6.35300016403198,22.1,79.690243902439,48383.0,Europe & Central Asia,High income,1,0
Fiji,FJI,2006,1.47138967212184,9.6000384,3749.93981348645,,,3.65788709,3.83400011062622,19.9,68.569,827411.0,East Asia & Pacific,Upper middle income,0,4
Finland,FIN,2006,12.5706384483281,68.479743898,30637.443815953535,,3.3,8.00452086,7.7189998626709,3.0,79.2146341463415,5266268.0,Europe & Central Asia,High income,1,0
Fragile and conflict affected situations,FCS,2006,0.799199812346435,1.91245021470718,925.414075506514,62.873119354248,,4.16140365192215,6.01062188390009,70.3832252226141,58.7829501518037,392932365.0,,,7,3
France,FRA,2006,5.90626638550961,46.87,30637.443815953535,,,10.32843864,8.44799995422363,3.7,80.8121951219512,63621381.0,Europe & Central Asia,High income,1,0
French Polynesia,PYF,2006,3.200048869031,25.10796425,3738.68928376282,,,5.46509211,11.91100025177,22.1,74.486,257832.0,East Asia & Pacific,High income,0,0
Gabon,GAB,2006,2.88823291649479,5.489200803,7141.54916678737,,,3.14509006,16.225250840187073,48.0,60.388,1444844.0,Sub-Saharan Africa,Upper middle income,6,4
"Gambia, The",GMB,2006,0.206588639596625,5.237691158,439.343287407705,,0.118,5.46509211,9.22700023651123,53.9,58.289,1491021.0,Sub-Saharan Africa,Low income,6,1
Georgia,GEO,2006,1.58479615353988,7.526876845,1996.05904258369,,4.65,7.83901378,13.5699996948242,20.1,72.73,3880347.0,Europe & Central Asia,Lower middle income,1,2
Germany,DEU,2006,9.91147601151208,68.479743898,30637.443815953535,,3.44,10.11344406,10.25,3.8,79.1317073170732,82376451.0,Europe & Central Asia,High income,1,0
Ghana,GHA,2006,0.423190166154723,2.723175973,922.953749658833,,,5.32884685,4.63500022888184,55.3,59.167,22113425.0,Sub-Saharan Africa,Lower middle income,6,2
Gibraltar,GIB,2006,12.9439559078524,45.29864751,3738.68928376282,,,5.46509211,6.35300016403198,22.1,,32296.0,Europe & Central Asia,High income,1,0
Greece,GRC,2006,8.82779621939824,32.25,24801.1578065035,,5.35,8.96532608,9.00800037384033,3.6,79.4390243902439,11020362.0,Europe & Central Asia,High income,1,0
Greenland,GRL,2006,11.0447916299715,59.36168727,30637.443815953535,,,5.46509211,6.35300016403198,22.1,69.5192682926829,56774.0,Europe & Central Asia,High income,1,0
Grenada,GRD,2006,2.23729650684202,21.39599117,6766.48685990245,,0.668,5.82325274,6.35300016403198,12.2,71.667,103259.0,Latin America & Caribbean,Upper middle income,2,4
Guam,GUM,2006,2.91508151810172,43.851443,26555.6452019565,,,5.46509211,7.40000009536743,22.1,76.956,158648.0,East Asia & Pacific,High income,0,0
Guatemala,GTM,2006,0.944052806417672,6.5,2256.56723965573,,,6.57006656,2.88599991798401,33.2,70.085,13397008.0,Latin America & Caribbean,Upper middle income,2,4
Guinea,GIN,2006,0.191487708051913,0.637492123,427.0657265294,,,2.96060121,3.97300004959106,79.1,53.972,9881428.0,Sub-Saharan Africa,Low income,6,1
Guinea-Bissau,GNB,2006,0.153151941466826,2.057196705,418.951269310121,,,6.43678093,4.23099994659424,86.2,53.663,1412669.0,Sub-Saharan Africa,Low income,6,1
Guyana,GUY,2006,1.72196141680707,13.66,1945.64003426759,,,3.98688287,10.6999998092651,33.0,65.642,749601.0,Latin America & Caribbean,Upper middle income,2,4
Haiti,HTI,2006,0.22447543997491,6.796000481,505.470620633981,48.6850204467773,,5.5010374,15.8120002746582,64.6,59.61,9409457.0,Latin America & Caribbean,Low income,2,1
Heavily indebted poor countries (HIPC),HPC,2006,0.192717356441065,1.55453596172428,524.523829727767,52.7390594482422,,5.68173160504262,4.5758240788041,72.1785392943544,56.1291451021547,563415107.0,,,7,3
High income,HIC,2006,11.9131083925884,59.8799671050016,30637.443815953535,,,10.4753309797307,6.23124128328477,6.1,78.8310451035273,1162770622.0,,,7,3
Honduras,HND,2006,0.929221553646628,7.8,1437.62878537462,,,8.08195339,3.57500004768372,23.7,71.724,7541406.0,Latin America & Caribbean,Lower middle income,2,2
"Hong Kong SAR, China",HKG,2006,6.13332502078138,60.8,28224.2150609389,,,5.46509211,4.76999998092651,22.1,82.3756097560976,6857100.0,East Asia & Pacific,High income,0,0
Hungary,HUN,2006,5.69818703910193,47.06,11447.8168701583,,3.5,7.8064236,7.49399995803833,6.1,73.0975609756098,10071370.0,Europe & Central Asia,High income,1,0
IBRD only,IBD,2006,3.52923999883043,10.5235223930589,2672.86603531845,84.1284332275391,,5.00448713258631,5.39478788728986,34.0358844179257,70.110813296347,4254032335.0,,,7,3
IDA & IBRD total,IBT,2006,2.84717156036503,8.86609462114142,2230.74040949972,79.4822387695313,,4.95618599404884,5.14316933282327,47.0729744324426,67.60132179699,5506091615.0,,,7,3
IDA blend,IDB,2006,0.994749565834865,5.59325643621999,1140.72482642465,70.3290100097656,,3.75408077075757,3.54726129712443,78.3363501751177,57.43214469536,412705870.0,,,7,3
IDA only,IDX,2006,0.292215378064982,1.51027178707635,524.17619290692,56.6851615905762,,4.98029927557333,4.29807567907201,66.2326847188197,59.8815935284557,839353410.0,,,7,3
IDA total,IDA,2006,0.526091632764849,2.91943819697095,732.572771966319,61.9236793518066,,4.34136311990779,4.07531839028399,70.2004258929822,59.0742548636574,1252059280.0,,,7,3
Iceland,ISL,2006,7.56861499364676,68.479743898,30637.443815953535,,3.633,8.91648864,2.82999992370605,2.4,81.1585365853659,303782.0,Europe & Central Asia,High income,1,0
India,IND,2006,1.12198150419096,2.805499865,809.18926154943,62.7544708251953,0.587,3.634778,2.73699998855591,53.7,64.966,1161977719.0,South Asia,Lower middle income,5,2
Indonesia,IDN,2006,1.50157677007933,4.764813134,1586.20503959934,91.9822692871094,0.13,2.67202176,7.55100011825562,32.2,67.386,229838202.0,East Asia & Pacific,Lower middle income,0,2
"Iran, Islamic Rep.",IRN,2006,7.15083708794927,8.76,3738.68928376282,82.3313217163086,,5.19862579,11.1999998092651,20.7,72.259,71227880.0,Middle East & North Africa,Upper middle income,3,4
Iraq,IRQ,2006,3.56599605775338,0.952344244,2351.8124285881,,,2.42247886,9.06400012969971,32.6,68.217,27697912.0,Middle East & North Africa,Upper middle income,3,4
Ireland,IRL,2006,10.0993731033222,54.82,30637.443815953535,,2.94,7.51325411,4.41499996185303,4.0,79.2414634146342,4273591.0,Europe & Central Asia,High income,1,0
Isle of Man,IMN,2006,2.91508151810172,13.66,30637.443815953535,,,5.46509211,6.35300016403198,22.1,,76914.0,Europe & Central Asia,High income,1,0
Israel,ISR,2006,8.85648836780697,27.88107446,21827.8231724236,,3.67,6.93495988,10.7069997787476,4.3,80.5536585365854,7053700.0,Middle East & North Africa,High income,3,0
Italy,ITA,2006,8.07214559567724,37.99,30637.443815953535,,3.7,8.45968681,6.77699995040894,3.7,81.2829268292683,58143979.0,Europe & Central Asia,High income,1,0
Jamaica,JAM,2006,4.16481268741312,16.4,4311.85108022066,,,4.66568687,10.3249998092651,17.1,73.739,2760279.0,Latin America & Caribbean,Upper middle income,2,4
Japan,JPN,2006,9.63204861795485,68.479743898,30637.443815953535,,2.186,7.80784261,4.09999990463257,2.7,82.3219512195122,127854000.0,East Asia & Pacific,High income,0,0
Jordan,JOR,2006,3.55933505801593,13.86710879,2537.30048980654,,2.482,8.05620609,14.0,20.0,72.76,5934232.0,Middle East & North Africa,Upper middle income,3,4
Kazakhstan,KAZ,2006,12.5836242471625,3.268369051,5291.57565018652,,3.88,3.3915585,7.78999996185303,25.9,66.1609756097561,15308084.0,Europe & Central Asia,Upper middle income,1,4
Kenya,KEN,2006,0.258407753417152,3.6,697.006638520849,,,5.8734461,9.44200038909912,47.7,57.271,37052050.0,Sub-Saharan Africa,Lower middle income,6,2
Kiribati,KIR,2006,0.739157649055803,4.5,1169.4774003717,,,11.57650685,6.35300016403198,50.5,64.961,94260.0,East Asia & Pacific,Lower middle income,0,2
"Korea, Dem. People’s Rep.",PRK,2006,3.19605781066424,0.0,3738.68928376282,,,5.46509211,3.66300010681152,26.0,68.54,24061097.0,East Asia & Pacific,Low income,0,1
"Korea, Rep.",KOR,2006,9.71660567635209,68.479743898,20888.3801505326,,1.842,5.23648826,3.5,4.4,78.6682926829268,48438292.0,East Asia & Pacific,High income,0,0
Kosovo,XKX,2006,2.91508151810172,13.66,2237.12659780918,,,5.46509211,6.35300016403198,22.1,68.9463414634146,1719536.0,Europe & Central Asia,Lower middle income,1,2
Kuwait,KWT,2006,14.808246413632371,28.79119795,30637.443815953535,93.2821197509766,1.445,2.25313879,1.29999995231628,10.0,73.584,2377258.0,Middle East & North Africa,High income,3,0
Kyrgyz Republic,KGZ,2006,1.05546412693546,12.306907,543.110702403072,,2.39,8.31183896,8.27000045776367,32.8,67.6951219512195,5218400.0,Europe & Central Asia,Lower middle income,1,2
Lao PDR,LAO,2006,0.265181500322429,1.169893428,590.30131077706,,,2.93200926,1.08700001239777,67.3,62.348,5849356.0,East Asia & Pacific,Lower middle income,0,2
Late-demographic dividend,LTE,2006,5.02034272941184,15.1364087348156,3492.39848391681,93.1428833007813,,5.02680819933574,5.29421569721475,18.1964840881196,73.3482048580514,2129583971.0,,,7,3
Latin America & Caribbean,LCN,2006,2.7697174253903,20.7559931658432,5900.66251572713,90.4076232910156,,6.73149855995789,7.26527403750498,20.6,73.2403874519773,567821716.0,,,7,3
Latin America & Caribbean (excluding high income),LAC,2006,2.49661592251867,20.1667131982007,5593.11579917845,90.1238021850586,,6.71221683963015,6.9694338206918,21.5016370276483,72.8822031414918,498847473.0,,,7,3
Latin America & the Caribbean (IDA & IBRD countries),TLA,2006,2.74769289326631,20.895628968104,5769.84174486958,90.1641464233398,,6.7106793148575,7.34696720200217,20.835764937055,73.09968836259,551595525.0,,,7,3
Latvia,LVA,2006,3.61186003875841,53.63,9667.97570008021,,3.793,5.73710523,7.03000020980835,8.2,70.8658536585366,2218357.0,Europe & Central Asia,High income,1,0
Least developed countries: UN classification,LDC,2006,0.223563900223067,1.12042860583784,505.960464339626,54.8026809692383,,4.63376278995153,4.46809427971182,68.8887355849789,59.3139136878378,772488966.0,,,7,3
Lebanon,LBN,2006,3.56365139808003,15.0,5434.2524815957,,2.899,8.65032249,8.71100044250488,11.3,77.187,4057350.0,Middle East & North Africa,Upper middle income,3,4
Lesotho,LSO,2006,1.03723427527215,2.979708187,915.775748629971,,,5.69018583,16.225250840187073,84.3,47.266,1965662.0,Sub-Saharan Africa,Lower middle income,6,2
Liberia,LBR,2006,0.22159475662043,13.66,331.473251974769,,,7.33268114,2.2260000705719,84.6,56.136,3375838.0,Sub-Saharan Africa,Low income,6,1
Libya,LBY,2006,9.05739993726021,4.301051789,9344.98751794529,,,2.51467609,16.225250840187073,18.6,71.521,5881435.0,Middle East & North Africa,Upper middle income,3,4
Liechtenstein,LIE,2006,2.91508151810172,64.21416136,30637.443815953535,,,5.46509211,6.35300016403198,22.1,80.9487804878049,35095.0,Europe & Central Asia,High income,1,0
Lithuania,LTU,2006,4.32987187105207,43.9,9240.64254797441,,3.95,5.83789852,5.78000020980835,6.9,71.0560975609756,3269909.0,Europe & Central Asia,High income,1,0
Low & middle income,LMY,2006,2.78463455865992,8.37047654823883,2116.03543361943,79.3772888183594,,4.86228663817072,5.01704228264706,47.3997795683545,67.4753558095538,5438312606.0,,,7,3
Low income,LIC,2006,0.395533281820967,1.41287502200226,430.298659579031,53.0842094421387,,5.70245060875594,4.05508845642548,70.3,57.3825408106057,549135479.0,,,7,3
Lower middle income,LMC,2006,1.18171613997305,4.56533744812596,1037.55826166526,69.4122161865234,,3.87647447866052,4.21949903643878,54.7,64.6976067910773,2519526342.0,,,7,3
Luxembourg,LUX,2006,14.808246413632371,68.479743898,30637.443815953535,,,6.7095662,4.73099994659424,2.8,79.2878048780488,472637.0,Europe & Central Asia,High income,1,0
"Macao SAR, China",MAC,2006,3.2855225816914,46.4,29979.8544741413,93.4997482299805,,5.46509211,3.79999995231628,22.1,81.748,493320.0,East Asia & Pacific,High income,0,0
Madagascar,MDG,2006,0.089148787506618,0.607552239,292.150744287583,,0.171,5.61919175,2.51999998092651,51.7,61.65,18880268.0,Sub-Saharan Africa,Low income,6,1
Malawi,MWI,2006,0.0679920460260586,0.42513749,297.709596899192,,,6.91642115,7.0939998626709,65.8,51.163,13429262.0,Sub-Saharan Africa,Low income,6,1
Malaysia,MYS,2006,6.41469151530438,51.63798899,6222.98295481975,,,3.17184255,3.3199999332428,6.9,73.577,26143566.0,East Asia & Pacific,Upper middle income,0,4
Maldives,MDV,2006,2.31868125154641,11.03635278,4811.66746787284,98.3979034423828,,8.04819013,3.02900004386902,17.1,74.771,327371.0,South Asia,Upper middle income,5,4
Mali,MLI,2006,0.0712492961400958,0.729627281,521.642579626446,26.176549911499,,5.25246035,10.8430004119873,90.7,52.839,13227064.0,Sub-Saharan Africa,Low income,6,1
Malta,MLT,2006,6.3513032064504,40.41,16671.5671992638,,3.88,8.84483111,6.7979998588562,6.0,79.4390243902439,405308.0,Middle East & North Africa,High income,3,0
Marshall Islands,MHL,2006,1.76034025884251,3.795590214,2763.7390068743,,,11.577421367500001,6.35300016403198,32.2,,52078.0,East Asia & Pacific,Upper middle income,0,4
Mauritania,MRT,2006,0.499840560283893,0.979661253,944.130485052781,,,3.39521358,10.6389999389648,67.1,60.952,3220653.0,Sub-Saharan Africa,Lower middle income,6,2
Mauritius,MUS,2006,2.94193011970865,16.7,5695.96932704928,,,3.81566733,9.03999996185303,14.1,72.4321951219512,1233996.0,Sub-Saharan Africa,Upper middle income,6,4
Mexico,MEX,2006,4.35317357755684,19.52,8859.71535391932,91.7345199584961,1.864,5.65525506,3.56599998474121,16.9,75.505,110092378.0,Latin America & Caribbean,Upper middle income,2,4
"Micronesia, Fed. Sts.",FSM,2006,1.14502668332009,12.75033925,2397.45183755346,,,10.6528189,6.35300016403198,36.4,68.115,105684.0,East Asia & Pacific,Lower middle income,0,2
Middle East & North Africa,MEA,2006,5.45050501646151,11.8547442204996,5027.33422625199,74.4216766357422,,4.0281328090964,10.1090778396446,26.7,71.3633866283478,356287693.0,,,7,3
Middle East & North Africa (IDA & IBRD countries),TMN,2006,3.63602945567897,9.89358639690605,2613.61484621095,72.18505859375,,4.55703983309728,10.8672252512165,28.8148876442197,70.8466959542065,308672973.0,,,7,3
Middle East & North Africa (excluding high income),MNA,2006,3.60360396468068,9.99336680783301,2600.68074225899,72.3890228271484,,4.55703983309728,10.9697525344263,28.6957823289236,70.856806528329,312079307.0,,,7,3
Middle income,MIC,2006,3.05249412209572,9.11864872528889,2305.58186703832,81.4314270019531,,4.84650330647804,5.11429053978831,42.4505506192984,68.6089926891838,4889177127.0,,,7,3
Moldova,MDA,2006,1.39307192411935,19.62064771,950.648204362747,,2.66,10.54445233,7.38000011444092,16.0,68.022,3585209.0,Europe & Central Asia,Lower middle income,1,2
Monaco,MCO,2006,2.91508151810172,61.47603971,30637.443815953535,,,2.01992917,6.35300016403198,3.6,,34408.0,Europe & Central Asia,High income,1,0
Mongolia,MNG,2006,3.67271693799716,13.66,1334.65189612629,,,2.79428289,7.02899980545044,31.0,65.539,2558012.0,East Asia & Pacific,Lower middle income,0,2
Montenegro,MNE,2006,3.87553351489777,28.9,4425.68091291013,,2.03,5.46509211,16.225250840187073,8.9,73.834,615025.0,Europe & Central Asia,Upper middle income,1,4
Morocco,MAR,2006,1.53632380161212,19.77119157,2191.47856747356,,,4.94123965,9.67000007629395,32.7,72.029,30869346.0,Middle East & North Africa,Lower middle income,3,2
Mozambique,MOZ,2006,0.0918985218816712,0.842954488,385.756714147082,,0.025,6.16022508,3.29099988937378,84.6,52.079,21547463.0,Sub-Saharan Africa,Low income,6,1
Myanmar,MMR,2006,0.263052108940351,0.182048331,296.900728388917,,0.407,1.72411189,0.945999979972839,55.9,63.88,48846474.0,East Asia & Pacific,Lower middle income,0,2
Namibia,NAM,2006,1.13449113552629,4.398870647,3811.31198106958,,,11.577421367500001,16.225250840187073,40.7,53.983,2055734.0,Sub-Saharan Africa,Upper middle income,6,4
Nauru,NRU,2006,4.36937742031576,13.66,3738.68928376282,,,11.577421367500001,6.35300016403198,31.4,,10071.0,East Asia & Pacific,Upper middle income,0,4
Nepal,NPL,2006,0.0988115626235273,1.141389164,348.631453417498,,,4.0425083,1.54900002479553,45.2,66.066,25940618.0,South Asia,Low income,5,1
Netherlands,NLD,2006,10.9897152843972,68.479743898,30637.443815953535,,,9.18211674,3.90499997138977,4.3,79.6975609756098,16346101.0,Europe & Central Asia,High income,1,0
New Caledonia,NCL,2006,11.5415227995758,33.51571468,3738.68928376282,,,5.46509211,14.6990003585815,22.1,76.0756097560976,235750.0,East Asia & Pacific,High income,0,0
New Zealand,NZL,2006,7.99280863164938,68.479743898,26671.3294177179,,,8.63299596,3.85700011253357,5.4,80.0487804878049,4184600.0,East Asia & Pacific,High income,0,0
Nicaragua,NIC,2006,0.819492309563795,2.805573063,1240.99261674457,,0.498,5.67436348,5.30999994277954,23.3,72.313,5450211.0,Latin America & Caribbean,Lower middle income,2,2
Niger,NER,2006,0.0490418809311931,0.294033977,258.046387283884,,,7.75918667,2.22699999809265,74.5,53.849,14132064.0,Sub-Saharan Africa,Low income,6,1
Nigeria,NGA,2006,0.693421338847477,5.545036083,1655.5445244538,,0.346,3.87697531,3.66599988937378,93.0,48.802,142614094.0,Sub-Saharan Africa,Lower middle income,6,2
North America,NAC,2006,14.808246413632371,68.479743898,30637.443815953535,,,11.577421367500001,4.79982611218193,6.6,77.9493878340635,331014940.0,,,7,3
North Macedonia,MKD,2006,5.30193515240083,28.62,3325.61324190164,,2.546,7.4001691,16.225250840187073,11.6,74.077,2063145.0,Europe & Central Asia,Upper middle income,1,4
Northern Mariana Islands,MNP,2006,2.91508151810172,13.66,16048.5021398003,,,5.46509211,6.35300016403198,22.1,,61688.0,East Asia & Pacific,High income,0,0
Norway,NOR,2006,9.49583569082346,68.479743898,30637.443815953535,,3.77,7.91631156,3.3989999294281,3.2,80.3439024390244,4660677.0,Europe & Central Asia,High income,1,0
OECD members,OED,2006,10.8959287433419,56.6078027615605,30637.443815953535,,,10.503214164887,6.06586218209152,8.2722756600024,78.5022686714127,1210090990.0,,,7,3
Oman,OMN,2006,14.808246413632371,8.299716673,14408.0504962765,,1.793,2.31076055,4.39300012588501,10.7,74.58,2582991.0,Middle East & North Africa,High income,3,0
Other small states,OSS,2006,6.12108861664932,14.2260490329533,9167.63020129943,80.5283279418945,,4.29337502614537,11.5893502805274,52.6562117938616,62.2798857638404,23681565.0,,,7,3
Pacific island small states,PSS,2006,1.10613288018253,6.49353724026337,2639.30401578289,,,5.65565087122966,3.48407539009472,23.1804065977599,68.4312175233303,2098492.0,,,7,3
Pakistan,PAK,2006,0.929856974225615,6.5,873.77027271847,54.1512107849121,,3.00717123,0.582000017166138,78.4,64.06,157093993.0,South Asia,Lower middle income,5,2
Palau,PLW,2006,13.1932840295823,13.66,9396.24725164901,,1.299,9.46535135,6.35300016403198,18.7,,20012.0,East Asia & Pacific,High income,0,0
Panama,PAN,2006,2.17301781742118,17.34956617,5348.5183989528,,1.354,6.55015593,3.93499994277954,19.2,76.114,3391905.0,Latin America & Caribbean,High income,2,0
Papua New Guinea,PNG,2006,0.665926409276148,1.754487261,1283.77036425584,,,2.44024021,2.11100006103516,54.8,63.733,6470272.0,East Asia & Pacific,Lower middle income,0,2
Paraguay,PRY,2006,0.677573895134219,7.962073884,2282.83116570096,,,5.30607796,5.27600002288818,24.5,71.485,5882796.0,Latin America & Caribbean,Upper middle income,2,4
Peru,PER,2006,1.24783208867968,20.7,3171.49805601571,88.6993408203125,,4.50696134,4.26000022888184,19.6,72.764,27949944.0,Latin America & Caribbean,Upper middle income,2,4
Philippines,PHL,2006,0.770906137073974,5.740586325,1391.77229166096,,,3.94585048,4.05200004577637,26.1,67.892,87809419.0,East Asia & Pacific,Lower middle income,0,2
Poland,POL,2006,8.36209746257249,44.58,9038.73084652356,,2.012,5.80066618,13.8400001525879,6.3,75.1439024390244,38141267.0,Europe & Central Asia,High income,1,0
Portugal,PRT,2006,5.68470507555011,38.01,19821.4446268632,,3.511,9.13617167,7.64699983596802,3.4,78.419512195122,10522288.0,Europe & Central Asia,High income,1,0
Post-demographic dividend,PST,2006,11.8553982559752,60.4171288561455,30637.443815953535,,,10.7571070241846,5.92048755704679,5.28754315183316,78.7609618034885,1052107843.0,,,7,3
Pre-demographic dividend,PRE,2006,0.457788036549659,2.45401575980094,943.769322081099,57.1072616577148,,4.37218761698202,5.63548952883201,77.1469259379716,54.2541233053235,658586521.0,,,7,3
Puerto Rico,PRI,2006,2.91508151810172,25.44241821,22935.9411493385,,,5.46509211,11.0100002288818,22.1,78.4163414634146,3805214.0,Latin America & Caribbean,High income,2,0
Qatar,QAT,2006,14.808246413632371,28.97411271,30637.443815953535,,2.34,2.20338103,0.870000004768372,8.6,76.843,1010382.0,Middle East & North Africa,High income,3,0
Romania,ROU,2006,4.87646967786745,24.66,5828.74566230123,,1.917,5.00907337,7.26900005340576,13.7,72.1634146341463,21193760.0,Europe & Central Asia,Upper middle income,1,4
Russian Federation,RUS,2006,11.6691220679875,18.02327746,6920.194397836,,4.309,4.7532208,7.05499982833862,11.1,66.7275609756098,143049528.0,Europe & Central Asia,Upper middle income,1,4
Rwanda,RWA,2006,0.0573555000879806,13.66,342.399098171483,,,9.40251034,0.860000014305115,62.6,57.219,9206580.0,Sub-Saharan Africa,Low income,6,1
Samoa,WSM,2006,0.911211856825737,4.469173873,2807.95427393733,,,5.01838229,4.95800018310547,16.4,71.451,181094.0,East Asia & Pacific,Upper middle income,0,4
San Marino,SMR,2006,2.91508151810172,50.20865936,30637.443815953535,,,4.51537383,6.35300016403198,3.7,,29614.0,Europe & Central Asia,High income,1,0
Sao Tome and Principe,STP,2006,0.529354539064069,14.18201978,836.795284158117,,,8.00689716,16.225250840187073,40.8,64.956,159328.0,Sub-Saharan Africa,Lower middle income,6,2
Saudi Arabia,SAU,2006,14.808246413632371,19.45955435,15334.6699396085,,,3.61922251,6.25,13.4,73.176,24578301.0,Middle East & North Africa,High income,3,0
Senegal,SEN,2006,0.40932136446858,5.611738652,1025.18743569412,41.8911514282227,,4.63887798,10.0299997329712,51.3,61.263,11556763.0,Sub-Saharan Africa,Low income,6,1
Serbia,SRB,2006,7.28692885406585,27.2,4129.75874102829,,1.99,9.01396834,16.225250840187073,7.3,73.3853658536585,7411569.0,Europe & Central Asia,Upper middle income,1,4
Seychelles,SYC,2006,8.66903073286052,34.95197117,12014.3998729502,,0.834,3.6894262,6.35300016403198,12.1,72.2170731707317,84600.0,Sub-Saharan Africa,High income,6,0
Sierra Leone,SLE,2006,0.1253955585283,0.227669467,322.313468011784,,,10.39399488,3.43899989128113,107.9,44.566,5848692.0,Sub-Saharan Africa,Low income,6,1
Singapore,SGP,2006,6.99763209822407,59.0,30637.443815953535,,1.502,2.95129263,4.48000001907349,2.3,80.1414634146341,4401365.0,East Asia & Pacific,High income,0,0
Sint Maarten (Dutch part),SXM,2006,2.91508151810172,13.66,3738.68928376282,,,5.46509211,6.35300016403198,22.1,,33441.0,Latin America & Caribbean,High income,2,0
Slovak Republic,SVK,2006,7.27796296110182,56.08,13139.0321768688,,,6.86157448,13.3730001449585,6.6,74.2048780487805,5373054.0,Europe & Central Asia,High income,1,0
Slovenia,SVN,2006,8.09460811573058,54.01,19726.1264959149,,2.424,7.80212895,5.94999980926514,3.3,78.0865853658537,2006868.0,Europe & Central Asia,High income,1,0
Small states,SST,2006,6.4346976928783,15.2720078096666,8506.67771524503,82.7404479980469,,4.43730906859456,10.5171892094765,45.8672588091142,64.5355775875897,32586895.0,,,7,3
Solomon Islands,SLB,2006,0.34276580629884,1.646347989,948.6592511289,,,9.27718717,2.07500004768372,23.7,66.635,481422.0,East Asia & Pacific,Lower middle income,0,2
Somalia,SOM,2006,0.0554241864650952,1.100216368,3738.68928376282,,0.035,5.46509211,14.3990001678467,104.3,52.666,10718317.0,Sub-Saharan Africa,Low income,6,1
South Africa,ZAF,2006,9.07319976901658,7.607139675,5502.69998895381,,,6.58706226,16.225250840187073,50.5,52.614,49364582.0,Sub-Saharan Africa,Upper middle income,6,4
South Asia,SAS,2006,0.982909014925463,2.97157368663315,778.239901788741,60.8166618347168,,3.54220600226906,2.66150964369221,56.3,65.2371142333509,1536943534.0,,,7,3
South Asia (IDA & IBRD),TSA,2006,0.982909014925463,2.97157368663315,778.239901788741,60.8166618347168,,3.54220600226906,2.66150964369221,56.3652410088625,65.2371142333509,1536943534.0,,,7,3
South Sudan,SSD,2006,2.91508151810172,13.66,3738.68928376282,,,5.46509211,12.7419996261597,82.6,51.627,8468152.0,Sub-Saharan Africa,Low income,6,1
Spain,ESP,2006,7.88419571010583,50.37,28482.6094833461,,4.56,7.75518882,8.45199966430664,3.7,80.8219512195122,44397319.0,Europe & Central Asia,High income,1,0
Sri Lanka,LKA,2006,0.608862738267744,2.537566129,1437.70197415321,90.8088302612305,0.523,3.97986285,6.5,11.7,74.059,19670151.0,South Asia,Lower middle income,5,2
St. Kitts and Nevis,KNA,2006,4.0984555984556,38.5,13355.5656709341,,,5.04583214,6.35300016403198,13.3,,49210.0,Latin America & Caribbean,High income,2,0
St. Lucia,LCA,2006,2.21695575157037,24.5,6855.10376313063,,,5.87258872,16.0,16.2,73.393,165407.0,Latin America & Caribbean,Upper middle income,2,4
St. Martin (French part),MAF,2006,2.91508151810172,13.66,3738.68928376282,,,5.46509211,6.35300016403198,22.1,78.0707317073171,28414.0,Latin America & Caribbean,High income,2,0
St. Vincent and the Grenadines,VCT,2006,2.0202558145941,12.0,5609.64893934308,,,3.11574569,16.225250840187073,19.8,71.446,108907.0,Latin America & Caribbean,Upper middle income,2,4
Sub-Saharan Africa,SSF,2006,0.884318999126312,2.70305903868827,1151.22541302016,58.5136108398438,,5.25343204964767,6.73090209193101,75.5,53.859527935286,787035792.0,,,7,3
Sub-Saharan Africa (IDA & IBRD countries),TSS,2006,0.884318999126312,2.70305903868827,1151.22541302016,58.5136108398438,,5.25343204964767,6.73090209193101,75.5200510853306,53.859527935286,787035792.0,,,7,3
Sub-Saharan Africa (excluding high income),SSA,2006,0.883480083919351,2.69909940843213,1150.0538564167,58.5082015991211,,5.25521793632431,6.73090209193101,75.5234462251312,53.857554435096,786951192.0,,,7,3
Sudan,SDN,2006,0.291193188463428,13.66,893.879364531904,,0.338,4.88544337,15.2609996795654,56.6,60.854,31607064.0,Sub-Saharan Africa,Lower middle income,6,2
Suriname,SUR,2006,3.46116948604719,9.499626942,5208.12333919831,,,6.64135505,9.23299980163574,24.8,69.089,504307.0,Latin America & Caribbean,Upper middle income,2,4
Sweden,SWE,2006,5.45900321623082,68.479743898,30637.443815953535,,3.583,8.16106452,7.06599998474121,2.8,80.7487804878049,9080505.0,Europe & Central Asia,High income,1,0
Switzerland,CHE,2006,5.59217531848891,68.479743898,30637.443815953535,,3.97,10.21397824,4.0,4.2,81.490243902439,7483934.0,Europe & Central Asia,High income,1,0
Syrian Arab Republic,SYR,2006,2.83279244801619,7.832551569,1762.24610660537,,0.53,3.77755937,8.17000007629395,15.4,74.412,18914977.0,Middle East & North Africa,Low income,3,1
Tajikistan,TJK,2006,0.379766210031573,3.772406207,404.289405943386,,1.909,5.03254782,11.8629999160767,45.5,68.052,7000557.0,Europe & Central Asia,Low income,1,1
Tanzania,TZA,2006,0.148358698527189,1.3,472.518798636836,,,7.64004535,3.29900002479553,56.8,57.218,40634948.0,Sub-Saharan Africa,Low income,6,1
Thailand,THA,2006,3.82910412656361,17.16071472,3368.95257614381,,0.286,3.0997028,1.22000002861023,13.9,72.534,65824164.0,East Asia & Pacific,Upper middle income,0,4
Timor-Leste,TLS,2006,0.171351708577265,0.5,2534.66218967577,,,1.02497807,3.28399991989136,62.7,65.068,1048621.0,East Asia & Pacific,Lower middle income,0,2
Togo,TGO,2006,0.209173434065482,2.0,402.463058051786,56.888370513916,,4.10506145,1.84899997711182,65.4,55.048,5837792.0,Sub-Saharan Africa,Low income,6,1
Tonga,TON,2006,1.26213258071178,5.853944095,2892.5226629236,99.0184631347656,,5.50721889,1.0900000333786,14.3,71.639,101689.0,East Asia & Pacific,Upper middle income,0,4
Trinidad and Tobago,TTO,2006,14.808246413632371,30.00374858,14096.1866795908,,1.222,4.21831932,3.28399991989136,28.8,69.06,1303144.0,Latin America & Caribbean,High income,2,0
Tunisia,TUN,2006,2.25498071033968,12.98640865,3371.7123099588,,,5.38218158,12.5100002288818,18.5,74.352,10196136.0,Middle East & North Africa,Lower middle income,3,2
Turkey,TUR,2006,3.80456408463193,18.24,8034.61120578916,88.1193923950195,1.521,5.18844302,8.7180004119873,21.6,72.866,68763405.0,Europe & Central Asia,Upper middle income,1,4
Turkmenistan,TKM,2006,10.2932958843934,1.319573118,2136.476098733,,2.49,8.41321373,6.35300016403198,55.9,65.354,4810105.0,Europe & Central Asia,Upper middle income,1,4
Turks and Caicos Islands,TCA,2006,5.17375732580855,13.66,3738.68928376282,,,5.46509211,6.35300016403198,22.1,,27642.0,Latin America & Caribbean,High income,2,0
Tuvalu,TUV,2006,0.723488211502417,13.66,2259.33327866066,,,11.577421367500001,6.35300016403198,28.9,,10137.0,East Asia & Pacific,Upper middle income,0,4
Uganda,UGA,2006,0.0858716464626072,2.529363038,336.459392347713,71.3731384277344,,11.577421367500001,2.12299990653992,64.0,53.681,29550662.0,Sub-Saharan Africa,Low income,6,1
Ukraine,UKR,2006,6.97680495428825,4.506124564,2300.77147954494,,3.125,6.18080445,6.80999994277954,12.0,68.0775609756098,46787750.0,Europe & Central Asia,Lower middle income,1,2
United Arab Emirates,ARE,2006,14.808246413632371,52.0,30637.443815953535,,,2.32541382,2.77300000190735,8.1,75.632,5242032.0,Middle East & North Africa,High income,3,0
United Kingdom,GBR,2006,8.89871022018899,68.479743898,30637.443815953535,,,7.32728259,5.34999990463257,5.0,79.2487804878049,60846820.0,Europe & Central Asia,High income,1,0
United States,USA,2006,14.808246413632371,68.479743898,30637.443815953535,,2.402,11.577421367500001,4.6230001449585,6.7,77.6878048780488,298379912.0,North America,High income,4,0
Upper middle income,UMC,2006,5.04136495100357,13.8573268297197,3653.80534311281,92.4173812866211,,5.13850898654457,5.82747609924861,20.3,72.768119823519,2369650785.0,,,7,3
Uruguay,URY,2006,1.99585265035606,29.4,5877.87607846966,97.7896270751953,,8.51988335,10.8439998626709,11.7,75.961,3331043.0,Latin America & Caribbean,High income,2,0
Uzbekistan,UZB,2006,4.5412060441894,6.388321967,654.283837283285,,,4.94939879,5.84999990463257,39.8,68.663,26488250.0,Europe & Central Asia,Lower middle income,1,2
Vanuatu,VUT,2006,0.222103674161596,5.850585059,2047.09782277757,,,3.32189312,5.7810001373291,23.8,69.541,214634.0,East Asia & Pacific,Lower middle income,0,2
"Venezuela, RB",VEN,2006,6.2231860018632,15.22471148,6735.79758838059,,,5.18018866,8.60599994659424,15.4,73.235,27239168.0,Latin America & Caribbean,Upper middle income,2,4
Vietnam,VNM,2006,1.20742858505374,17.25456172,779.974893324258,,0.621,5.3919969,2.17400002479553,19.4,74.438,85094617.0,East Asia & Pacific,Lower middle income,0,2
Virgin Islands (U.S.),VIR,2006,2.91508151810172,27.33261054,30637.443815953535,,,5.46509211,8.47200012207031,22.1,78.4756097560976,108371.0,Latin America & Caribbean,High income,2,0
West Bank and Gaza,PSE,2006,0.665291777024802,18.41,1441.46170046742,93.4500122070313,,5.46509211,16.225250840187073,21.7,71.773,3406334.0,Middle East & North Africa,Lower middle income,3,2
World,WLD,2006,4.63077209363736,17.4925263247273,7796.60622027907,82.9978179931641,,9.20471106556648,5.24797163128715,43.2,69.4749668237429,6601083228.0,,,7,3
"Yemen, Rep.",YEM,2006,1.00735978591088,1.247824049,900.826916094261,,,5.52930147,11.6059999465942,52.0,62.205,21160534.0,Middle East & North Africa,Low income,3,1
Zambia,ZMB,2006,0.185075705098565,4.159913394,1030.15419934654,,0.052,5.87367326,12.5,62.7,50.929,12383446.0,Sub-Saharan Africa,Lower middle income,6,2
Zimbabwe,ZWE,2006,0.796027922930858,2.4,414.796232048617,,,5.46509211,4.06699991226196,60.0,46.344,13124267.0,Sub-Saharan Africa,Low income,6,1
